"property","estimate","lower","upper","pvalue"
"Bias_Stdev",0.000730765557648105,0.000631702136551755,0.000852249045797813,8.66535018294908e-46
"Degree",-1.99995883026435,-2.00001011228749,-1.00004054393403,2.35727417387353e-37
"dist_abs",2.58167739499454e-05,4.39739797115815e-06,7.78520286742882e-06,0.000191049963953671
"dist_mean",0.310056575887087,0.280676387275874,0.338701818514151,1.35283967603589e-87
"PageRank",-4.62160908853727e-06,-1.35530434358875e-05,-5.21261853115083e-06,2.80827848985818e-53
