"property","estimate","lower","upper","pvalue"
"Bias_Stdev",-0.000239620156266824,-0.000322521861373085,-0.000166115349618364,2.42110168416555e-11
"Degree",1.00001302557788,0.999909215646031,1.99993231676252,1.16213709176435e-11
"dist_abs",5.11174659505635e-05,7.03639198249885e-05,5.68723925207525e-05,2.62994876608294e-07
"dist_mean",-0.115123339082989,-0.150440577448072,-0.0797651962893084,1.88437276292248e-10
"PageRank",-2.68819002361906e-08,-1.12372917042117e-05,3.09836718181943e-05,1.76059795876738e-11
